[
   {
      "name": "difficulty1" ,
      "conditions": {
         "daycount": "range(0,10)"
      }
   },
   {
      "name": "difficulty2" ,
      "conditions": {
         "daycount": "range(10,100)"
      }
   },
   {
      "name": "difficulty3" ,
      "conditions": {
         "daycount": "range(100,500)"
      }
   },
   {
      "name": "difficulty4" ,
      "conditions": {
         "daycount": "range(500,800)"
      }
   },
   {
      "name": "difficulty5" ,
      "conditions": {
         "daycount": "range(800,1000)"
      }
   },
   {
      "name": "difficulty6" ,
      "conditions": {
         "daycount": "ge(1000)"
      }
   }
]